Pos-1,Pos-2,Pos-3,Pos-4,Pos-5,Pos-6,Pos-7,Pos-8,Pos-9,Pos-10,Pos-11,Pos-12,Pos-13,Pos-14,Pos-15,Pos-16,Pos-17
once,upon,a,time,there,was,a,little,girl,call,-ed,alice,.,.,.,.,.
and,she,had,a,very,curious,dream,.,.,.,.,.,.,.,.,.,.
would,you,like,to,hear,what,it,was,that,she,dream,-ed,about,.,.,.,.
well,this,was,the,first,thing,that,happen,-ed,.,.,.,.,.,.,.,.
a,white,rabbit,came,running,by,in,a,great,hurry,.,.,.,.,.,.,.
and,just,as,it,passed,alice,it,stop,-ped,.,.,.,.,.,.,.,.
it,took,its,watch,out,of,its,pocket,.,.,.,.,.,.,.,.,.
was,-nt,that,a,funny,thing,.,.,.,.,.,.,.,.,.,.,.
did,you,ever,see,a,rabbit,that,had,a,watch,.,.,.,.,.,.,.
and,it,has,a,pocket,to,put,it,in,.,.,.,.,.,.,.,.
of,course,when,a,rabbit,has,a,watch,.,.,.,.,.,.,.,.,.
it,must,have,a,pocket,to,put,it,in,.,.,.,.,.,.,.,.
it,would,never,carry,it,about,in,its,mouth,.,.,.,.,.,.,.,.
and,it,want,-s,its,hand,-s,sometimes,to,run,about,with,.,.,.,.,.
has,-nt,it,got,pretty,pink,eye,-s,.,.,.,.,.,.,.,.,.
and,you,can,just,see,its,red,pocket,handkerchief,peeping,out,of,its,coat,pocket,.,.
and,what,is,with,its,blue,necktie,and,its,yellow,waistcoat,.,.,.,.,.,.
it,real,-ly,is,very,nice,-ly,dressed,.,.,.,.,.,.,.,.,.
oh,dear,oh,dear,said,the,rabbit,.,.,.,.,.,.,.,.,.,.
i,shall,be,too,late,.,.,.,.,.,.,.,.,.,.,.,.
what,would,it,be,too,late,for,i,wonder,.,.,.,.,.,.,.,.
well,you,see,it,had,to,go,and,visit,the,duchess,.,.,.,.,.,.
you,will,see,a,picture,of,the,duchess,soon,sitting,in,her,kitchen,.,.,.,.
and,the,duchess,was,a,very,cross,old,lady,.,.,.,.,.,.,.,.
and,the,rabbit,knew,she,-d,be,very,angry,indeed,if,he,kept,her,wait,-ing,.
so,the,poor,thing,was,as,frighten,-ed,as,frighten,-ed,could,be,.,.,.,.
dont,you,see,how,hes,trembling,.,.,.,.,.,.,.,.,.,.,.
just,shake,the,book,a,little,from,side,to,side,.,.,.,.,.,.,.
and,you,will,soon,see,him,tremble,.,.,.,.,.,.,.,.,.,.
because,he,thought,the,duchess,would,have,his,head,cut,off,for,a,punishment,.,.,.
that,was,what,the,queen,of,heart,-s,use,-d,to,do,.,.,.,.,.
when,she,was,angry,with,people,.,.,.,.,.,.,.,.,.,.,.
you,will,see,a,picture,of,her,soon,.,.,.,.,.,.,.,.,.
at,least,she,use,-d,to,order,their,head,-s,to,be,cut,off,.,.,.
and,she,always,thought,it,was,done,.,.,.,.,.,.,.,.,.,.
although,they,never,real,-ly,did,it,.,.,.,.,.,.,.,.,.,.
and,so,when,the,white,rabbit,ran,a-,way,.,.,.,.,.,.,.,.
alice,want,-ed,to,see,what,would,happen,to,it,.,.,.,.,.,.,.
so,she,ran,after,it,.,.,.,.,.,.,.,.,.,.,.,.
and,she,ran,and,she,ran,.,.,.,.,.,.,.,.,.,.,.
until,she,tumbled,right,down,the,rabbit,hole,.,.,.,.,.,.,.,.,.
and,then,she,had,a,very,long,fall,indeed,.,.,.,.,.,.,.,.
down,and,down,and,down,till,she,began,to,wonder,.,.,.,.,.,.,.
if,she,was,going,right,through,the,world,so,as,to,come,out,on,the,other,side
it,was,just,like,a,very,deep,well,.,.,.,.,.,.,.,.,.
only,there,was,no,water,in,it,.,.,.,.,.,.,.,.,.,.
but,you,know,it,does,-nt,hurt,a,bit,to,fall,in,a,dream,.,.,.
because,all,the,time,you,think,you,are,fall,-ing,.,.,.,.,.,.,.
you,real,-ly,are,lying,some,where,safe,and,sound,and,fast,asleep,.,.,.,.
how,ever,this,terrible,fall,came,to,an,end,at,last,.,.,.,.,.,.
and,down,came,alice,on,a,heap,of,stick,-s,and,dry,leave,-s,.,.,.
but,she,was,-nt,a,bit,hurt,.,.,.,.,.,.,.,.,.,.
and,up,she,jump,-ed,.,.,.,.,.,.,.,.,.,.,.,.
and,she,ran,after,the,rabbit,again,.,.,.,.,.,.,.,.,.,.
and,so,that,was,the,beginning,of,alice,-s,curious,dream,.,.,.,.,.,.
and,next,time,when,you,see,a,white,rabbit,.,.,.,.,.,.,.,.
try,and,fancy,your,-e,going,to,have,a,curious,dream,.,.,.,.,.,.
just,like,dear,little,alice,.,.,.,.,.,.,.,.,.,.,.,.
and,so,after,alice,had,tumbled,down,the,rabbit,hole,.,.,.,.,.,.,.
and,she,had,run,a,long,long,way,under,ground,.,.,.,.,.,.,.
all,of,a,sudden,she,found,herself,in,a,great,hall,with,door,-s,all,round,it
but,all,the,door,-s,were,lock,-ed,.,.,.,.,.,.,.,.,.
so,you,see,poor,alice,could,-nt,get,out,of,the,hall,.,.,.,.,.
and,that,mad,-e,her,very,sad,.,.,.,.,.,.,.,.,.,.
how,ever,after,a,little,while,she,came,to,a,little,table,.,.,.,.,.
it,was,all,mad,-e,of,glass,with,three,leg,-s,.,.,.,.,.,.
there,are,two,of,the,leg,-s,in,the,picture,.,.,.,.,.,.,.
and,just,the,beginning,of,the,other,leg,do,you,see,.,.,.,.,.,.
and,on,the,table,was,a,little,key,.,.,.,.,.,.,.,.,.
and,she,went,round,the,hall,.,.,.,.,.,.,.,.,.,.,.
and,tried,to,see,if,she,could,un-,lock,any,of,the,door,-s,with,it,.
the,key,would,-nt,un-,lock,any,of,the,door,-s,.,.,.,.,.,.
but,at,last,she,came,upon,a,tiny,little,door,.,.,.,.,.,.,.
and,oh,how,glad,she,was,when,she,found,the,key,would,fit,it,.,.,.
so,she,un-,lock,-ed,the,tiny,little,door,.,.,.,.,.,.,.,.
and,she,stoop,-ed,down,and,look,-ed,through,it,.,.,.,.,.,.,.
and,what,do,you,think,she,saw,.,.,.,.,.,.,.,.,.,.
oh,such,a,beautiful,garden,.,.,.,.,.,.,.,.,.,.,.,.
and,she,took,so,long,to,go,into,it,.,.,.,.,.,.,.,.
but,the,door,was,far,too,small,.,.,.,.,.,.,.,.,.,.
she,could,-nt,squeeze,herself,through,.,.,.,.,.,.,.,.,.,.,.
any,more,than,you,could,squeeze,yourself,into,a,mouse,hole,.,.,.,.,.,.
so,poor,little,alice,lock,-ed,up,the,door,.,.,.,.,.,.,.,.
and,took,the,key,back,to,the,table,again,.,.,.,.,.,.,.,.
and,this,time,she,found,quite,a,new,thing,on,it,.,.,.,.,.,.
now,look,at,the,picture,again,.,.,.,.,.,.,.,.,.,.,.
and,what,do,you,think,it,was,.,.,.,.,.,.,.,.,.,.
it,was,a,little,bottle,with,a,label,tie,-d,to,it,.,.,.,.,.
it,had,the,word,-s,drink,me,on,the,label,.,.,.,.,.,.,.
and,it,was,very,nice,.,.,.,.,.,.,.,.,.,.,.,.
so,she,set,to,work,and,drank,it,up,.,.,.,.,.,.,.,.
and,then,such,a,curious,thing,happen,-ed,to,her,.,.,.,.,.,.,.
you,will,never,guess,what,it,was,.,.,.,.,.,.,.,.,.,.
so,i,shall,have,to,tell,you,.,.,.,.,.,.,.,.,.,.
she,got,small,-er,and,small,-er,.,.,.,.,.,.,.,.,.,.
till,at,last,she,was,just,the,size,of,a,little,doll,.,.,.,.,.
then,she,said,to,herself,.,.,.,.,.,.,.,.,.,.,.,.
now,im,the,right,size,to,get,through,the,little,door,.,.,.,.,.,.
and,a-,way,she,ran,.,.,.,.,.,.,.,.,.,.,.,.
but,when,she,got,there,the,door,was,lock,-ed,.,.,.,.,.,.,.
and,the,key,was,on,the,top,of,the,table,.,.,.,.,.,.,.
and,she,could,-nt,reach,it,.,.,.,.,.,.,.,.,.,.,.
was,-nt,it,a,pity,she,had,lock,-ed,up,the,door,again,.,.,.,.
well,the,next,thing,she,found,was,a,little,cake,.,.,.,.,.,.,.
and,it,had,the,word,-s,eat,me,mark,-ed,on,it,.,.,.,.,.
so,of,course,she,set,to,work,and,ate,it,up,.,.,.,.,.,.
and,then,what,do,you,think,happen,-ed,to,her,.,.,.,.,.,.,.
no,you,will,never,guess,.,.,.,.,.,.,.,.,.,.,.,.
i,shall,have,to,tell,you,again,.,.,.,.,.,.,.,.,.,.
she,grew,and,she,grew,and,she,grew,.,.,.,.,.,.,.,.,.
tall,-er,than,she,was,before,.,.,.,.,.,.,.,.,.,.,.
tall,-er,than,any,child,.,.,.,.,.,.,.,.,.,.,.,.
tall,-er,than,any,grow,-n,up,person,.,.,.,.,.,.,.,.,.
tall,-er,and,tall,-er,and,tall,-er,.,.,.,.,.,.,.,.,.
just,look,at,the,picture,.,.,.,.,.,.,.,.,.,.,.,.
and,you,will,see,how,tall,she,got,.,.,.,.,.,.,.,.,.
which,would,you,have,like,-d,the,best,.,.,.,.,.,.,.,.,.
do,you,think,to,be,a,little,tiny,alice,no,large,-r,than,a,kitten,.,.
or,a,great,tall,alice,with,you,-r,head,always,knock,-ing,again,-st,the,ceiling,.
perhaps,you,think,alice,must,have,been,very,much,please,-d,.,.,.,.,.,.
when,she,had,eat,-en,the,little,cake,.,.,.,.,.,.,.,.,.
to,find,herself,grow,-ing,so,tremendous,-ly,tall,.,.,.,.,.,.,.,.
because,of,course,it,would,be,easy,enough,now,.,.,.,.,.,.,.,.
to,reach,the,little,key,off,the,glass,table,.,.,.,.,.,.,.,.
and,to,open,the,little,tiny,door,.,.,.,.,.,.,.,.,.,.
well,of,course,she,could,do,that,.,.,.,.,.,.,.,.,.,.
but,what,good,was,it,to,get,the,door,open,.,.,.,.,.,.,.
when,she,could,-nt,get,through,.,.,.,.,.,.,.,.,.,.,.
she,was,worse,off,than,ever,poor,thing,.,.,.,.,.,.,.,.,.
she,could,just,manage,by,putting,her,head,down,close,to,the,ground,.,.,.,.
to,look,through,with,one,eye,.,.,.,.,.,.,.,.,.,.,.
but,that,was,all,she,could,do,.,.,.,.,.,.,.,.,.,.
no,wonder,the,poor,tall,child,sat,down,and,cried,.,.,.,.,.,.,.
as,if,her,heart,would,break,.,.,.,.,.,.,.,.,.,.,.
so,she,cried,and,she,cried,.,.,.,.,.,.,.,.,.,.,.
and,her,tear,-s,ran,down,the,middle,of,the,hall,like,a,deep,river,.,.
and,there,she,might,have,stayed,till,this,very,day,.,.,.,.,.,.,.
if,the,white,rabbit,had,-nt,happen,-ed,to,come,through,the,hall,.,.,.,.
he,was,on,his,way,to,visit,the,duchess,.,.,.,.,.,.,.,.
he,was,dressed,up,as,grand,as,grand,could,be,.,.,.,.,.,.,.
and,he,had,a,pair,of,white,kid,glove,-s,in,one,hand,.,.,.,.
he,had,a,little,fan,in,the,other,hand,.,.,.,.,.,.,.,.
and,he,kept,on,muttering,to,himself,.,.,.,.,.,.,.,.,.,.
oh,the,duchess,the,duchess,.,.,.,.,.,.,.,.,.,.,.,.
oh,wont,she,be,savage,if,ive,kept,her,wait,-ing,.,.,.,.,.,.
but,he,did,-nt,see,alice,you,know,.,.,.,.,.,.,.,.,.
so,when,she,began,to,say,if,you,please,sir,.,.,.,.,.,.,.
her,voice,seemed,to,come,from,the,top,of,the,hall,.,.,.,.,.,.
because,her,head,was,so,high,up,.,.,.,.,.,.,.,.,.,.
and,the,rabbit,was,dreadfully,frighten,-ed,.,.,.,.,.,.,.,.,.,.
and,he,drop,-ped,the,glove,-s,and,the,fan,.,.,.,.,.,.,.
and,he,ran,a-,way,as,hard,as,he,could,go,.,.,.,.,.,.
then,a,very,curious,thing,indeed,happen,-ed,.,.,.,.,.,.,.,.,.
alice,took,up,the,fan,.,.,.,.,.,.,.,.,.,.,.,.
and,began,to,fan,herself,with,it,.,.,.,.,.,.,.,.,.,.
and,lo,and,be-,hold,she,got,quite,small,again,.,.,.,.,.,.,.
and,all,in,a,minute,she,was,just,about,the,size,of,a,mouse,.,.,.
now,look,at,the,picture,.,.,.,.,.,.,.,.,.,.,.,.
and,you,will,soon,guess,what,happen,-ed,next,.,.,.,.,.,.,.,.
it,look,-s,just,like,the,sea,does,-nt,it,.,.,.,.,.,.,.
but,it,real,-ly,is,the,pool,of,tear,-s,.,.,.,.,.,.,.
all,mad,-e,of,alice,-s,tear,-s,you,know,.,.,.,.,.,.,.
and,alice,has,tumbled,into,the,pool,.,.,.,.,.,.,.,.,.,.
and,the,mouse,has,tumbled,in,.,.,.,.,.,.,.,.,.,.,.
and,there,they,are,swimming,about,together,.,.,.,.,.,.,.,.,.,.
does,-nt,alice,look,pretty,as,she,swim,-s,a-,cross,the,picture,.,.,.,.
you,can,just,see,her,blue,stockings,far,a-,way,under,the,water,.,.,.,.
but,why,is,the,mouse,swimming,a-,way,from,alice,in,such,a,hurry,.,.,.
well,the,reason,is,that,alice,began,talk,-ing,about,cat,-s,and,dog,-s,.,.
and,a,mouse,always,hate,-s,talk,-ing,about,cat,-s,and,dog,-s,.,.,.
suppose,you,were,swimming,about,in,a,pool,of,you,-r,own,tear,-s,.,.,.
would,-nt,you,swim,a-,way,as,hard,as,you,could,go,.,.,.,.,.
when,alice,and,the,mouse,had,got,out,of,the,pool,of,tear,-s,.,.,.
of,course,they,were,very,wet,.,.,.,.,.,.,.,.,.,.,.
and,so,were,a,lot,of,other,curious,creature,-s,.,.,.,.,.,.,.
that,had,tumbled,in,as,well,.,.,.,.,.,.,.,.,.,.,.
that,-s,the,great,bird,in,front,lean,-ing,on,a,walk,-ing,stick,.,.,.
and,a,duck,and,a,lory,.,.,.,.,.,.,.,.,.,.,.
that,-s,just,be-,hind,the,duck,look,-ing,over,its,head,.,.,.,.,.
and,an,eaglet,and,several,other,-s,.,.,.,.,.,.,.,.,.,.
that,-s,on,the,left,hand,side,of,the,lory,.,.,.,.,.,.,.
well,and,so,they,did,-nt,know,how,in,the,world,they,were,to,get,dry,again
but,the,dodo,told,them,the,right,way,was,to,have,a,caucus,race,.,.,.
the,dodo,was,a,very,wise,bird,.,.,.,.,.,.,.,.,.,.
and,what,do,you,think,that,was,.,.,.,.,.,.,.,.,.,.
well,you,are,an,ignorant,child,.,.,.,.,.,.,.,.,.,.,.
and,ill,soon,cure,you,of,you,-r,ignorance,.,.,.,.,.,.,.,.
first,you,must,have,a,race,course,.,.,.,.,.,.,.,.,.,.
it,ought,to,be,a,sort,of,circle,.,.,.,.,.,.,.,.,.
but,it,does,-nt,much,matter,what,shape,it,is,.,.,.,.,.,.,.
so,long,as,it,goes,a,good,way,round,.,.,.,.,.,.,.,.
and,it,joins,on,to,itself,again,.,.,.,.,.,.,.,.,.,.
then,you,must,put,all,the,racers,on,the,course,her,-e,and,there,.,.,.
it,does,-nt,matter,where,so,long,as,you,dont,crowd,them,too,much,together,.,.
then,you,neednt,say,one,two,three,and,a-,way,.,.,.,.,.,.,.
but,let,them,all,set,off,running,just,when,they,like,.,.,.,.,.,.
and,leave,off,just,when,they,like,.,.,.,.,.,.,.,.,.,.
so,all,these,creature,-s,alice,and,all,went,on,running,round,and,round,.,.,.
till,they,were,all,quite,dry,again,.,.,.,.,.,.,.,.,.,.
and,then,the,dodo,said,every,body,had,won,.,.,.,.,.,.,.,.
and,every,body,must,have,prize,-s,.,.,.,.,.,.,.,.,.,.
of,course,alice,had,to,give,them,their,prize,-s,.,.,.,.,.,.,.
and,she,had,no-,thing,to,give,them,.,.,.,.,.,.,.,.,.
but,a,few,comfits,she,happen,-ed,to,have,in,her,pocket,.,.,.,.,.
and,there,was,just,one,a,piece,all,round,.,.,.,.,.,.,.,.
and,there,was,no,prize,for,alice,.,.,.,.,.,.,.,.,.,.
so,what,do,you,think,they,did,.,.,.,.,.,.,.,.,.,.
alice,had,no-,thing,left,but,her,thimble,.,.,.,.,.,.,.,.,.
now,look,at,the,picture,.,.,.,.,.,.,.,.,.,.,.,.
and,you,will,see,what,happen,-ed,.,.,.,.,.,.,.,.,.,.
hand,it,over,her,-e,said,the,dodo,.,.,.,.,.,.,.,.,.
then,the,dodo,took,the,thimble,and,hand,-ed,it,back,to,alice,.,.,.,.
and,it,said,we,beg,you,-r,acceptance,of,this,elegant,thimble,.,.,.,.,.
and,then,all,the,other,creature,-s,cheered,.,.,.,.,.,.,.,.,.
was,-nt,that,a,curious,sort,of,present,to,give,her,.,.,.,.,.,.
suppose,they,want,-ed,to,give,you,a,birthday,present,.,.,.,.,.,.,.
would,you,rat,her,they,should,go,to,you,toy,cupboard,.,.,.,.,.,.
and,they,pick,out,you,-r,nice,-st,doll,.,.,.,.,.,.,.,.
and,they,say,her,-e,my,love,.,.,.,.,.,.,.,.,.,.
her,-e,is,a,love,-ly,birthday,present,for,you,.,.,.,.,.,.,.
or,would,you,like,them,to,give,you,some,thing,new,.,.,.,.,.,.
some,thing,that,did,-nt,be-,long,to,you,before,.,.,.,.,.,.,.
now,im,going,to,tell,you,about,alice,-s,adventure,-s,in,the,white,rabbit,-s,house
do,you,remember,how,the,rabbit,drop,-ped,his,glove,-s,and,his,fan,.,.,.
when,he,was,so,frighten,-ed,at,hear,-ing,alice,-s,voice,.,.,.,.,.
that,seemed,to,come,down,from,the,sky,.,.,.,.,.,.,.,.,.
so,after,a,bit,he,came,back,again,to,look,for,them,.,.,.,.,.
by,this,time,the,dodo,and,all,the,other,curious,creature,-s,had,gone,a-,way,.
and,alice,was,wandering,about,all,alone,.,.,.,.,.,.,.,.,.,.
so,what,do,you,think,he,did,.,.,.,.,.,.,.,.,.,.
actually,he,thought,she,was,his,housemaid,.,.,.,.,.,.,.,.,.,.
and,he,began,order,-ing,her,about,.,.,.,.,.,.,.,.,.,.
go,home,this,very,minute,and,fetch,me,a,pair,of,glove,-s,and,a,fan,.
perhaps,he,could,-nt,see,very,clearly,with,his,pink,eye,-s,.,.,.,.,.
for,im,sure,alice,does,-nt,look,very,like,a,housemaid,.,.,.,.,.,.
how,ever,she,was,a,very,good,natured,little,girl,.,.,.,.,.,.,.
so,she,was,-nt,a,bit,off,ended,.,.,.,.,.,.,.,.,.
but,she,ran,off,to,the,rabbit,-s,house,as,quick,as,she,could,.,.,.
it,was,lucky,she,found,the,door,open,.,.,.,.,.,.,.,.,.
for,if,she,had,had,to,ring,.,.,.,.,.,.,.,.,.,.
i,suppose,the,real,mary,ann,would,have,come,to,open,the,door,.,.,.,.
and,she,would,never,have,let,alice,come,in,.,.,.,.,.,.,.,.
and,im,sure,it,was,very,lucky,.,.,.,.,.,.,.,.,.,.
she,did,-nt,meet,the,real,mary,ann,as,she,trotted,upstairs,.,.,.,.,.
for,im,afraid,she,would,have,take,-n,alice,for,a,robber,.,.,.,.,.
so,at,last,she,found,her,way,into,the,rabbit,-s,room,.,.,.,.,.
and,there,was,a,pair,of,glove,-s,lying,on,the,table,.,.,.,.,.
and,she,was,just,going,to,take,them,up,and,go,a-,way,.,.,.,.
when,she,happen,-ed,to,see,a,little,bottle,on,the,table,.,.,.,.,.
and,of,course,it,had,the,word,-s,drink,me,on,the,label,.,.,.,.
and,of,course,alice,drank,some,.,.,.,.,.,.,.,.,.,.,.
well,i,think,that,was,rat,her,lucky,too,dont,you,.,.,.,.,.,.
for,if,she,had,-nt,drunk,any,.,.,.,.,.,.,.,.,.,.
all,this,wonder,-ful,adventure,that,im,about,to,tell,you,about,.,.,.,.,.
it,would,-nt,have,happen,-ed,at,all,.,.,.,.,.,.,.,.,.
and,would,-nt,that,have,been,a,pity,.,.,.,.,.,.,.,.,.
your,-e,getting,so,use,-d,to,alice,-s,adventure,-s,.,.,.,.,.,.
that,i,daresay,you,can,guess,what,happen,-ed,next,.,.,.,.,.,.,.
if,you,cant,ill,tell,you,.,.,.,.,.,.,.,.,.,.,.
she,grew,and,she,grew,and,she,grew,.,.,.,.,.,.,.,.,.
and,in,a,very,short,time,the,room,was,full,of,alice,.,.,.,.,.
just,in,the,same,way,as,a,jar,is,full,of,jam,.,.,.,.,.
there,was,alice,all,the,way,up,to,the,ceiling,.,.,.,.,.,.,.
and,alice,in,every,corner,of,the,room,.,.,.,.,.,.,.,.,.
the,door,open,-ed,inwards,.,.,.,.,.,.,.,.,.,.,.,.
so,of,course,there,was,-nt,any,room,to,open,it,.,.,.,.,.,.
so,the,rabbit,got,tired,of,wait,-ing,.,.,.,.,.,.,.,.,.
and,it,came,to,fetch,his,glove,-s,for,himself,.,.,.,.,.,.,.
of,course,he,could,-nt,get,in,.,.,.,.,.,.,.,.,.,.
so,what,do,you,think,he,did,.,.,.,.,.,.,.,.,.,.
now,we,come,to,the,picture,.,.,.,.,.,.,.,.,.,.,.
he,sent,bill,the,lizard,up,to,the,roof,of,the,house,.,.,.,.,.
and,he,told,him,to,get,down,the,chimney,.,.,.,.,.,.,.,.
but,alice,happen,-ed,to,have,one,of,her,feet,in,the,fireplace,.,.,.,.
so,when,she,hear,-d,bill,coming,down,the,chimney,she,just,gave,a,little,tiny,kick
and,a-,way,went,bill,flying,up,into,the,sky,.,.,.,.,.,.,.
dont,you,pity,him,very,much,.,.,.,.,.,.,.,.,.,.,.
how,frighten,-ed,he,must,have,been,.,.,.,.,.,.,.,.,.,.
well,it,does,-nt,look,such,a,very,little,puppy,does,it,.,.,.,.,.
but,then,you,see,alice,had,grow,-n,very,small,indeed,.,.,.,.,.,.
and,that,-s,what,make,-s,the,puppy,look,so,large,.,.,.,.,.,.
when,alice,had,eat,-en,one,of,those,little,magic,cake,-s,.,.,.,.,.
that,she,found,in,the,white,rabbit,-s,house,.,.,.,.,.,.,.,.
it,mad,-e,her,get,quite,small,directly,.,.,.,.,.,.,.,.,.
so,she,could,get,through,the,door,.,.,.,.,.,.,.,.,.,.
or,else,she,could,never,have,got,out,of,the,house,again,.,.,.,.,.
would,-nt,that,have,been,a,pity,.,.,.,.,.,.,.,.,.,.
because,then,she,would,-nt,have,dream,-ed,all,the,other,curious,thing,-s,.,.,.
that,were,going,to,read,about,.,.,.,.,.,.,.,.,.,.,.
so,it,real,-ly,was,a,little,puppy,you,see,.,.,.,.,.,.,.
and,isnt,it,a,little,pet,.,.,.,.,.,.,.,.,.,.,.
and,look,at,the,way,its,barking,at,the,little,stick,.,.,.,.,.,.
that,alice,is,hold,-ing,out,for,it,.,.,.,.,.,.,.,.,.
you,can,see,she,was,a,little,afraid,of,it,all,the,time,.,.,.,.
because,she,-s,got,be-,hind,that,great,thistle,for,fear,it,should,run,over,her,.
that,would,have,been,just,about,as,bad,for,her,as,it,would,be,for,you,.
to,be,run,over,by,a,waggon,and,four,horses,.,.,.,.,.,.,.
have,you,got,a,little,pet,puppy,at,you,-r,home,.,.,.,.,.,.
if,you,have,i,hope,your,-e,always,kind,to,it,.,.,.,.,.,.
and,give,it,nice,thing,-s,to,eat,.,.,.,.,.,.,.,.,.
once,upon,a,time,i,knew,some,little,children,about,as,big,as,you,.,.,.
and,they,had,a,little,pet,dog,of,their,own,.,.,.,.,.,.,.
and,it,was,call,-ed,dash,.,.,.,.,.,.,.,.,.,.,.
and,this,is,what,they,told,me,about,its,birthday,treat,.,.,.,.,.,.
do,you,know,one,day,we,remember,-ed,it,was,dash,-s,birthday,that,day,.,.
so,we,said,let,-s,give,dash,a,nice,birthday,treat,.,.,.,.,.,.
like,what,we,have,on,our,birthday,-s,.,.,.,.,.,.,.,.,.
so,we,thought,and,we,thought,.,.,.,.,.,.,.,.,.,.,.
now,what,is,it,we,like,best,of,all,on,our,birthday,-s,.,.,.,.
and,we,thought,and,we,thought,.,.,.,.,.,.,.,.,.,.,.
and,at,last,we,all,call,-ed,out,together,.,.,.,.,.,.,.,.
why,its,oatmeal,porridge,of,course,.,.,.,.,.,.,.,.,.,.,.
so,of,course,we,thought,dash,would,be,quite,sure,to,like,it,very,much,too,.
so,we,went,to,the,cook,.,.,.,.,.,.,.,.,.,.,.
and,we,got,her,to,make,a,saucer,-ful,of,nice,oatmeal,porridge,.,.,.,.
and,then,we,call,-ed,dash,into,the,house,and,we,said,.,.,.,.,.
now,dash,your,-e,going,to,have,you,-r,birthday,treat,.,.,.,.,.,.
we,expect,dash,would,jump,for,joy,.,.,.,.,.,.,.,.,.,.
but,it,did,-nt,one,bit,.,.,.,.,.,.,.,.,.,.,.
so,we,put,the,saucer,down,before,it,and,we,said,.,.,.,.,.,.
now,dash,dont,be,greedy,.,.,.,.,.,.,.,.,.,.,.,.
eat,it,nice,-ly,like,a,good,dog,.,.,.,.,.,.,.,.,.
so,dash,just,tasted,it,with,the,tip,of,its,tongue,.,.,.,.,.,.
and,then,it,mad,-e,oh,such,a,horrid,face,.,.,.,.,.,.,.
and,then,do,you,know,it,did,hate,it,so,.,.,.,.,.,.,.
it,would,-nt,eat,a,bit,more,of,it,.,.,.,.,.,.,.,.
so,we,had,to,put,it,all,down,its,throat,with,a,spoon,.,.,.,.
i,wonder,if,alice,will,give,this,little,puppy,some,porridge,.,.,.,.,.,.
i,dont,think,she,can,because,she,has,-nt,got,any,with,her,.,.,.,.
i,cant,see,any,saucer,in,the,picture,.,.,.,.,.,.,.,.,.
would,you,like,to,know,what,happen,-ed,to,alice,.,.,.,.,.,.,.
after,she,had,got,a-,way,from,the,puppy,.,.,.,.,.,.,.,.
it,was,far,too,large,an,animal,for,her,to,play,with,.,.,.,.,.
i,dont,suppose,you,would,much,enjoy,play,-ing,with,a,young,hippopotamus,would,you,.,.
you,would,always,be,expect,-ing,to,be,crushed,.,.,.,.,.,.,.,.
as,flat,as,a,pancake,under,its,great,heavy,feet,.,.,.,.,.,.,.
so,alice,was,very,glad,to,run,a-,way,while,it,was,-nt,look,-ing,.,.
well,she,wandered,up,and,down,.,.,.,.,.,.,.,.,.,.,.
and,she,did,-nt,know,what,in,the,world,to,do,.,.,.,.,.,.
to,make,herself,grow,up,to,her,right,size,again,.,.,.,.,.,.,.
of,course,she,knew,that,she,had,to,eat,or,drink,some,thing,.,.,.,.
that,was,the,regular,rule,you,know,.,.,.,.,.,.,.,.,.,.
but,she,could,-nt,guess,what,thing,.,.,.,.,.,.,.,.,.,.
how,ever,she,soon,came,to,a,great,mushroom,.,.,.,.,.,.,.,.
and,what,do,you,think,she,saw,.,.,.,.,.,.,.,.,.,.
some,thing,that,im,sure,you,never,talk,-ed,to,in,all,you,-r,life,.,.
it,was,a,large,blue,caterpillar,.,.,.,.,.,.,.,.,.,.,.
ill,tell,you,soon,what,alice,and,the,caterpillar,talk,-ed,about,.,.,.,.,.
but,first,let,us,have,a,good,look,at,the,picture,.,.,.,.,.,.
that,curious,thing,standing,in,front,of,the,caterpillar,is,call,-ed,a,hookah,.,.,.
and,its,use,-d,for,smoking,.,.,.,.,.,.,.,.,.,.,.
the,smoke,come,-s,through,that,long,tube,that,wind,-s,round,and,round,like,a,serpent
and,do,you,see,its,long,nose,and,chin,.,.,.,.,.,.,.,.
at,least,they,look,exactly,like,a,nose,and,chin,dont,they,.,.,.,.,.
but,they,real,-ly,are,two,of,its,leg,-s,.,.,.,.,.,.,.
you,know,a,caterpillar,has,got,quantities,of,leg,-s,.,.,.,.,.,.,.
you,can,see,some,more,of,them,further,down,.,.,.,.,.,.,.,.
what,a,both,-er,it,must,be,to,a,caterpillar,.,.,.,.,.,.,.
counting,over,such,a,lot,of,leg,-s,every,night,.,.,.,.,.,.,.
to,make,sure,it,has,-nt,lost,any,of,them,.,.,.,.,.,.,.
and,another,great,both,-er,must,be,having,to,settle,which,leg,it,had,better,move,first
i,think,if,you,had,forty,or,fifty,leg,-s,.,.,.,.,.,.,.
and,if,you,want,-ed,to,go,a,walk,.,.,.,.,.,.,.,.
you,-d,be,such,a,time,in,settling,which,leg,to,begin,with,.,.,.,.
so,you,-d,never,go,a,walk,at,all,.,.,.,.,.,.,.,.
and,what,did,alice,and,the,caterpillar,talk,about,i,wonder,.,.,.,.,.,.
well,alice,told,it,how,very,confusing,it,was,being,first,one,size,and,then,another,.
and,the,caterpillar,ask,-ed,her,if,she,like,-d,the,size,she,was,just,then,.
and,alice,said,she,would,like,to,be,just,a,little,bit,large,-r,.,.,.
three,inches,was,such,a,wretched,height,to,be,.,.,.,.,.,.,.,.
just,mark,off,three,inches,on,the,wall,about,the,length,of,you,-r,middle,finger,.
and,you,will,see,what,size,she,was,.,.,.,.,.,.,.,.,.
and,the,caterpillar,told,her,one,side,of,the,mushroom,would,make,her,grow,tall,-er,.
and,the,other,side,would,make,-r,her,grow,short,-er,.,.,.,.,.,.
so,alice,took,two,little,bit,-s,of,it,with,her,to,nibble,.,.,.,.
and,she,manage,-d,to,make,herself,quite,a,nice,comfortable,height,.,.,.,.,.
before,she,went,on,to,visit,the,duchess,.,.,.,.,.,.,.,.,.
would,you,like,to,hear,about,alice,-s,visit,to,the,duchess,.,.,.,.,.
it,was,a,very,interest,-ing,visit,indeed,i,can,assure,you,.,.,.,.,.
of,course,she,knock,-ed,at,the,door,to,begin,with,.,.,.,.,.,.
so,she,had,to,open,it,for,herself,.,.,.,.,.,.,.,.,.
the,door,led,right,into,the,kitchen,you,see,.,.,.,.,.,.,.,.
the,duchess,sat,in,the,middle,of,the,room,nursing,the,baby,.,.,.,.,.
the,baby,was,howl,-ing,.,.,.,.,.,.,.,.,.,.,.,.
the,soup,was,boil,-ing,.,.,.,.,.,.,.,.,.,.,.,.
the,cook,was,stirring,the,soup,.,.,.,.,.,.,.,.,.,.,.
it,was,a,cheshire,cat,.,.,.,.,.,.,.,.,.,.,.,.
the,cat,well,it,was,grinning,as,cheshire,cat,-s,always,do,.,.,.,.,.
all,these,thing,-s,were,happen,-ing,just,as,alice,went,in,.,.,.,.,.
the,duchess,has,a,beautiful,cap,and,gown,has,-nt,she,.,.,.,.,.,.
but,im,afraid,she,has,-nt,got,a,very,beautiful,face,.,.,.,.,.,.
the,baby,well,i,daresay,you,-ve,see,-n,several,nice,-r,babies,than,that,.,.
and,more,good,temper,-ed,one,-s,too,.,.,.,.,.,.,.,.,.
how,ever,take,a,good,look,at,it,.,.,.,.,.,.,.,.,.
and,well,see,if,you,know,it,again,next,time,you,meet,it,.,.,.,.
the,cook,well,you,may,have,see,-n,nice,-r,cook,-s,once,or,twice,.,.
but,im,near,-ly,sure,you,-ve,never,see,-n,a,nice,-r,cat,now,have,you
and,would,-nt,you,like,to,have,a,cat,of,you,-r,own,.,.,.,.
just,like,that,one,with,love,-ly,green,eye,-s,and,smiling,so,sweetly,.,.,.
the,duchess,was,very,rude,to,alice,.,.,.,.,.,.,.,.,.,.
why,she,even,call,-ed,her,own,baby,pig,.,.,.,.,.,.,.,.
and,it,was,-nt,a,pig,was,it,.,.,.,.,.,.,.,.,.
and,she,order,-ed,the,cook,to,chop,off,alice,-s,head,.,.,.,.,.
though,of,course,the,cook,did,-nt,do,it,.,.,.,.,.,.,.,.
and,at,last,she,threw,the,baby,at,her,.,.,.,.,.,.,.,.
so,alice,caught,the,baby,and,took,it,a-,way,with,her,.,.,.,.,.
and,i,think,that,was,about,the,best,thing,she,could,do,.,.,.,.,.
so,she,wandered,a-,way,through,the,wood,carry,-ing,the,ugly,little,thing,with,her,.
and,a,great,job,it,was,to,keep,hold,of,it,.,.,.,.,.,.
but,at,last,she,found,out,that,the,proper,way,.,.,.,.,.,.,.
it,was,to,keep,tight,hold,of,its,left,foot,and,its,right,ear,.,.,.
but,dont,you,try,to,hold,on,to,a,baby,like,that,my,child,.,.,.
there,are,not,many,babies,that,like,being,nursed,in,that,way,.,.,.,.,.
well,and,so,the,baby,kept,grunting,and,grunting,.,.,.,.,.,.,.,.
so,that,alice,had,to,say,to,it,quite,seriously,.,.,.,.,.,.,.
if,your,-e,going,to,turn,into,a,pig,my,dear,.,.,.,.,.,.
ill,have,no-,thing,more,to,do,with,you,mind,now,.,.,.,.,.,.
and,at,last,she,look,-ed,down,into,its,face,.,.,.,.,.,.,.
and,what,do,you,think,had,happen,-ed,to,it,.,.,.,.,.,.,.
look,at,the,picture,and,see,if,you,can,guess,.,.,.,.,.,.,.
why,that,-s,not,the,baby,that,alice,was,nursing,is,it,.,.,.,.,.
ah,i,knew,you,would,-nt,know,it,again,.,.,.,.,.,.,.,.
though,i,told,you,to,take,a,good,look,at,it,.,.,.,.,.,.
yes,it,is,the,baby,.,.,.,.,.,.,.,.,.,.,.,.
and,its,turn,-ed,into,a,little,pig,.,.,.,.,.,.,.,.,.
so,alice,put,it,down,and,let,it,trot,a-,way,into,the,wood,.,.,.
and,she,said,to,herself,.,.,.,.,.,.,.,.,.,.,.,.
it,was,a,very,ugly,baby,.,.,.,.,.,.,.,.,.,.,.
but,it,make,-s,rat,her,a,hand,some,pig,i,think,.,.,.,.,.
dont,you,think,she,was,right,.,.,.,.,.,.,.,.,.,.,.
all,alone,all,alone,poor,alice,.,.,.,.,.,.,.,.,.,.,.
no,baby,not,even,a,pig,to,keep,her,company,.,.,.,.,.,.,.
so,you,may,be,sure,she,was,very,glad,indeed,.,.,.,.,.,.,.
when,she,saw,the,cheshire,cat,perch,-ed,up,in,a,tree,over,her,head,.,.
the,cat,has,a,very,nice,smile,no,doubt,.,.,.,.,.,.,.,.
but,just,look,what,a,lot,of,teeth,its,got,.,.,.,.,.,.,.
isnt,alice,just,a,little,shy,of,it,.,.,.,.,.,.,.,.,.
but,then,it,could,-nt,help,having,teeth,you,know,.,.,.,.,.,.,.
and,it,could,have,help,-ed,smiling,supposing,it,had,been,cross,.,.,.,.,.
so,on,the,whole,she,was,glad,.,.,.,.,.,.,.,.,.,.
does,-nt,alice,look,very,prim,hold,-ing,her,head,so,straight,up,.,.,.,.
and,with,her,hand,-s,be-,hind,her,.,.,.,.,.,.,.,.,.
just,as,if,she,were,going,to,say,her,lesson,-s,to,the,cat,.,.,.
there,is,a,little,lesson,i,want,to,teach,you,.,.,.,.,.,.,.
while,were,look,-ing,at,this,picture,of,alice,and,the,cat,.,.,.,.,.
now,dont,be,in,a,bad,temper,about,it,my,dear,child,.,.,.,.,.
its,a,very,little,lesson,indeed,.,.,.,.,.,.,.,.,.,.,.
do,you,see,that,fox,glove,grow,-ing,close,to,the,tree,.,.,.,.,.
and,do,you,know,why,its,call,-ed,a,fox,glove,.,.,.,.,.,.
perhaps,you,think,its,got,some,thing,to,do,with,a,fox,.,.,.,.,.
no,indeed,foxes,never,wear,glove,-s,.,.,.,.,.,.,.,.,.,.
the,right,word,is,folk,-s,glove,-s,.,.,.,.,.,.,.,.,.
did,you,ever,hear,that,fairies,use,-d,to,be,call,-ed,the,good,folk,.,.
now,weve,finished,the,lesson,.,.,.,.,.,.,.,.,.,.,.,.
and,well,wait,a,minute,till,you,-ve,got,you,-r,temper,again,.,.,.,.
well,do,you,feel,quite,good,natured,again,.,.,.,.,.,.,.,.,.
no,temper,ache,and,no,crossness,about,the,corner,-s,of,the,mouth,.,.,.,.
then,we,will,go,on,.,.,.,.,.,.,.,.,.,.,.,.
was,-nt,that,a,pretty,name,for,a,cat,.,.,.,.,.,.,.,.
would,you,tell,me,which,way,i,ought,to,go,from,her,-e,.,.,.,.
and,so,the,cheshire,cat,told,her,which,way,she,ought,to,go,.,.,.,.
if,she,want,-ed,to,visit,the,hatter,.,.,.,.,.,.,.,.,.
and,which,way,to,go,to,visit,the,march,hare,.,.,.,.,.,.,.
they,are,both,mad,said,the,cat,.,.,.,.,.,.,.,.,.,.
and,then,the,cat,vanished,a-,way,.,.,.,.,.,.,.,.,.,.
just,like,the,flame,of,a,candle,when,it,goes,out,.,.,.,.,.,.
so,alice,set,off,to,visit,the,march,hare,.,.,.,.,.,.,.,.
and,as,she,went,a-,long,there,was,the,cat,again,.,.,.,.,.,.
and,she,told,it,she,did,-nt,like,it,coming,and,going,so,quick,-ly,.,.
so,this,time,the,cat,vanished,quite,slowly,.,.,.,.,.,.,.,.,.
beginning,with,the,tail,and,ending,with,the,grin,.,.,.,.,.,.,.,.
was,-nt,that,a,curious,thing,.,.,.,.,.,.,.,.,.,.,.
a,grin,with,out,any,cat,.,.,.,.,.,.,.,.,.,.,.
would,you,like,to,see,one,.,.,.,.,.,.,.,.,.,.,.
if,you,turn,up,the,corner,of,this,leaf,.,.,.,.,.,.,.,.
you,will,have,alice,look,-ing,at,the,grin,.,.,.,.,.,.,.,.
and,she,does,-nt,look,a,bit,more,frighten,-ed,.,.,.,.,.,.,.
frighten,-ed,than,when,she,was,look,-ing,at,the,cat,.,.,.,.,.,.
this,is,the,mad,tea,party,.,.,.,.,.,.,.,.,.,.,.
you,see,alice,had,left,the,cheshire,cat,.,.,.,.,.,.,.,.,.
and,had,gone,off,to,see,the,march,hare,and,the,hatter,.,.,.,.,.
as,the,cheshire,cat,had,advised,her,.,.,.,.,.,.,.,.,.,.
and,she,found,them,having,tea,under,a,great,tree,.,.,.,.,.,.,.
a,dormouse,was,sitting,between,them,.,.,.,.,.,.,.,.,.,.,.
there,were,only,those,three,at,the,table,.,.,.,.,.,.,.,.,.
but,there,were,quantities,of,tea,cups,set,all,a-,long,it,.,.,.,.,.
you,cant,see,all,the,table,you,know,.,.,.,.,.,.,.,.,.
and,even,in,the,bit,you,can,see,there,are,nine,cups,.,.,.,.,.
counting,the,one,the,mach,hare,has,got,in,his,hand,.,.,.,.,.,.
that,-s,the,march,hare,with,the,long,ear,-s,.,.,.,.,.,.,.
and,straws,mixed,up,with,his,hair,.,.,.,.,.,.,.,.,.,.
the,straws,showed,he,was,mad,.,.,.,.,.,.,.,.,.,.,.
never,twist,up,straws,among,you,-r,hair,.,.,.,.,.,.,.,.,.
for,fear,people,should,think,your,-e,mad,.,.,.,.,.,.,.,.,.
there,was,a,nice,green,arm,chair,at,the,end,of,the,table,.,.,.,.
that,look,-ed,as,if,it,was,just,meant,for,alice,.,.,.,.,.,.
so,she,went,and,sat,down,in,it,.,.,.,.,.,.,.,.,.
then,she,had,quite,a,long,talk,with,the,march,hare,and,the,hatter,.,.,.
the,dormouse,did,-nt,say,much,.,.,.,.,.,.,.,.,.,.,.
you,see,it,was,fast,asleep,generally,.,.,.,.,.,.,.,.,.,.
and,it,only,just,woke,up,for,a,moment,now,and,then,.,.,.,.,.
as,long,as,it,was,asleep,it,was,very,useful,to,the,march,hare,and,the,hatter
because,it,had,a,nice,round,soft,head,just,like,a,pillow,.,.,.,.,.
so,they,could,put,their,elbows,on,it,and,lean,a-,cross,it,.,.,.,.
and,talk,to,each,other,quite,comfortably,.,.,.,.,.,.,.,.,.,.
you,would,-nt,like,people,to,use,you,-r,head,for,a,pillow,would,you,.,.
but,if,you,were,fast,asleep,like,the,dormouse,you,would,-nt,feel,it,.,.,.
so,i,suppose,you,would,-nt,care,about,it,.,.,.,.,.,.,.,.
im,afraid,they,gave,alice,very,little,to,eat,and,drink,.,.,.,.,.,.
how,ever,after,a,bit,she,help,-ed,herself,to,some,tea,and,bread,and,butter,.
only,i,dont,quite,see,where,she,got,the,bread,and,butter,.,.,.,.,.
and,she,had,no,plate,for,it,.,.,.,.,.,.,.,.,.,.
no-,body,seems,to,have,a,plate,except,the,hatter,.,.,.,.,.,.,.
i,believe,the,march,hare,must,have,had,one,as,well,.,.,.,.,.,.
that,was,the,rule,at,this,curious,tea,party,.,.,.,.,.,.,.,.
because,when,they,all,move,-d,one,place,on,.,.,.,.,.,.,.,.
and,alice,had,to,go,into,the,place,of,the,march,hare,.,.,.,.,.
she,found,he,had,just,upset,the,milkjug,into,his,plate,.,.,.,.,.,.
so,i,suppose,his,plate,and,the,milkjug,are,hidden,be-,hind,that,large,tea,pot,.
the,hatter,use,-d,to,carry,about,hats,to,sell,.,.,.,.,.,.,.
and,even,the,one,that,hes,got,on,his,head,is,meant,to,be,sold,.,.
you,see,its,got,its,price,mark,-ed,on,it,.,.,.,.,.,.,.
that,means,ten,shillings,and,sixpence,.,.,.,.,.,.,.,.,.,.,.
was,-nt,that,a,funny,way,of,sell,-ing,hats,.,.,.,.,.,.,.
and,has,-nt,he,got,a,beautiful,necktie,on,.,.,.,.,.,.,.,.
such,a,love,-ly,yellow,tie,with,large,red,spots,.,.,.,.,.,.,.
he,has,just,got,up,to,say,to,alice,.,.,.,.,.,.,.,.
you,-r,hair,want,-s,cutting,.,.,.,.,.,.,.,.,.,.,.
that,was,a,rude,thing,to,say,was,-nt,it,.,.,.,.,.,.,.
and,do,you,think,her,hair,does,want,cutting,.,.,.,.,.,.,.,.
i,think,its,a,very,pretty,length,.,.,.,.,.,.,.,.,.,.
this,is,a,little,bit,of,the,beautiful,garden,i,told,you,about,.,.,.,.
you,see,alice,had,manage,-d,at,last,to,get,quite,small,.,.,.,.,.
so,that,she,could,go,through,the,little,door,.,.,.,.,.,.,.,.
i,suppose,she,was,about,as,tall,as,a,mouse,.,.,.,.,.,.,.
if,it,stood,on,its,hind,leg,-s,.,.,.,.,.,.,.,.,.
so,of,course,this,was,a,very,tiny,rose,tree,.,.,.,.,.,.,.
and,these,are,very,tiny,gardeners,.,.,.,.,.,.,.,.,.,.,.
what,funny,little,men,they,are,.,.,.,.,.,.,.,.,.,.,.
but,are,they,men,do,you,think,.,.,.,.,.,.,.,.,.,.
i,think,they,must,be,live,cards,.,.,.,.,.,.,.,.,.,.
with,just,a,head,and,arm,-s,and,leg,-s,so,as,to,look,like,little,men
and,what,are,they,doing,with,that,red,paint,i,wonder,.,.,.,.,.,.
well,you,see,this,is,what,they,told,alice,.,.,.,.,.,.,.,.
the,queen,of,heart,-s,want,-ed,to,have,a,red,rose,tree,just,in,that,corner
and,these,poor,little,gardeners,had,mad,-e,a,great,mistake,.,.,.,.,.,.
and,had,put,in,a,white,one,instead,.,.,.,.,.,.,.,.,.
and,they,were,so,frighten,-ed,about,it,.,.,.,.,.,.,.,.,.
because,the,queen,was,sure,to,be,angry,.,.,.,.,.,.,.,.,.
and,then,she,would,order,all,their,head,-s,to,be,cut,off,.,.,.,.
she,was,a,dreadfully,savage,queen,.,.,.,.,.,.,.,.,.,.,.
and,that,was,the,way,she,always,did,.,.,.,.,.,.,.,.,.
when,she,was,angry,with,people,.,.,.,.,.,.,.,.,.,.,.
they,did,-nt,real,-ly,cut,their,head,-s,off,you,know,.,.,.,.,.
because,no-,body,ever,obeyed,her,.,.,.,.,.,.,.,.,.,.,.
but,that,was,what,she,always,said,.,.,.,.,.,.,.,.,.,.
now,cant,you,guess,what,the,poor,little,gardeners,are,trying,to,do,.,.,.,.
they,are,trying,to,paint,the,rose,-s,red,.,.,.,.,.,.,.,.
and,they,are,in,a,great,hurry,to,get,it,done,before,the,queen,come,-s,.
and,then,perhaps,the,queen,wont,find,out,it,was,a,white,rose,tree,to,begin,with
and,then,perhaps,the,little,men,wont,get,their,head,-s,cut,off,.,.,.,.
you,see,there,were,five,large,white,rose,-s,on,the,tree,.,.,.,.,.
such,a,job,to,get,them,all,paint,-ed,red,.,.,.,.,.,.,.
but,they,-ve,got,three,and,a,half,done,now,.,.,.,.,.,.,.
and,if,only,they,would,-nt,stop,to,talk,and,work,a-,way,.,.,.,.
little,men,do,work,a-,way,.,.,.,.,.,.,.,.,.,.,.
or,the,queen,will,be,coming,before,its,done,.,.,.,.,.,.,.,.
and,if,she,find,-s,any,white,rose,-s,on,the,tree,.,.,.,.,.
do,you,know,what,will,happen,.,.,.,.,.,.,.,.,.,.,.
it,will,be,off,with,their,head,-s,.,.,.,.,.,.,.,.,.
oh,work,a-,way,my,little,men,.,.,.,.,.,.,.,.,.,.
oh,my,poor,little,alice,.,.,.,.,.,.,.,.,.,.,.,.
did,you,ever,play,at,croquet,.,.,.,.,.,.,.,.,.,.,.
there,are,large,wood,-en,ball,-s,paint,-ed,with,different,colours,.,.,.,.,.
that,you,have,to,roll,about,.,.,.,.,.,.,.,.,.,.,.
and,arches,of,wire,that,you,have,to,send,them,through,.,.,.,.,.,.
and,great,wood,-en,mallet,-s,with,long,handles,to,knock,the,ball,-s,about,with,.
now,look,at,the,picture,.,.,.,.,.,.,.,.,.,.,.,.
and,you,will,see,that,alice,has,just,been,play,-ing,a,game,of,croquet,.,.
but,she,could,-nt,play,with,that,great,red,what,-s,its,name,in,her,arm,-s
why,how,could,she,hold,the,mallet,.,.,.,.,.,.,.,.,.,.
why,my,dear,child,that,great,red,what,-s,its,name,.,.,.,.,.,.
its,real,name,is,a,flamingo,.,.,.,.,.,.,.,.,.,.,.
in,this,croquet,game,the,ball,-s,were,live,hedgehog,-s,.,.,.,.,.,.
you,know,a,hedgehog,can,roll,itself,up,into,a,ball,.,.,.,.,.,.
and,the,mallet,-s,were,live,flamingo,-s,.,.,.,.,.,.,.,.,.
so,alice,is,just,rest,-ing,from,the,game,for,a,minute,.,.,.,.,.
to,have,a,chat,with,that,dear,old,thing,the,duchess,.,.,.,.,.,.
and,of,course,she,keep,-s,her,mallet,under,her,arm,so,as,not,to,lose,it
but,i,dont,think,she,was,a,dear,old,thing,one,bit,.,.,.,.,.
to,call,her,baby,a,pig,and,to,want,to,chop,off,alice,-s,head,.,.
oh,that,was,only,a,joke,about,chopping,off,alice,-s,head,.,.,.,.,.
and,as,to,the,baby,.,.,.,.,.,.,.,.,.,.,.,.
why,it,was,a,pig,you,know,.,.,.,.,.,.,.,.,.,.
and,just,look,at,her,smile,.,.,.,.,.,.,.,.,.,.,.
why,its,wider,than,all,alice,-s,head,.,.,.,.,.,.,.,.,.
and,yet,you,can,only,see,half,of,it,.,.,.,.,.,.,.,.
well,they,-d,only,had,a,very,little,chat,.,.,.,.,.,.,.,.
when,the,queen,came,and,took,alice,a-,way,to,see,the,gryphon,and,the,mock,turtle
you,dont,know,what,a,gryphon,is,.,.,.,.,.,.,.,.,.,.
well,do,you,know,any,thing,.,.,.,.,.,.,.,.,.,.,.
how,ever,look,at,the,picture,.,.,.,.,.,.,.,.,.,.,.
that,creature,with,a,red,head,and,red,claws,and,green,scales,is,the,gryphon,.,.
and,the,other,-s,the,mock,turtle,.,.,.,.,.,.,.,.,.,.
its,got,a,calfs,head,.,.,.,.,.,.,.,.,.,.,.,.
because,calfs,head,is,use,-d,to,make,mock,turtle,soup,.,.,.,.,.,.
but,what,are,they,doing,going,round,and,round,alice,like,that,.,.,.,.,.
why,i,thought,of,course,you,-d,know,that,.,.,.,.,.,.,.,.
they,are,dancing,a,lobster,quadrille,.,.,.,.,.,.,.,.,.,.,.
and,next,time,you,meet,a,gryphon,and,a,mock,turtle,.,.,.,.,.,.
i,daresay,they,will,dance,it,for,you,if,you,ask,them,prettily,.,.,.,.
only,dont,let,them,come,quite,close,.,.,.,.,.,.,.,.,.,.
or,they,will,be,treading,on,you,-r,toe,-s,as,they,did,on,poor,alice,-s
did,you,ever,hear,how,the,queen,of,heart,-s,mad,-e,some,tarts,.,.,.
and,can,you,tell,me,what,be-,came,of,them,.,.,.,.,.,.,.
why,of,course,i,can,.,.,.,.,.,.,.,.,.,.,.,.
does,-nt,the,song,tell,all,about,it,.,.,.,.,.,.,.,.,.
the,queen,of,heart,-s,mad,-e,some,tarts,all,on,a,summer,day,.,.,.
the,knave,of,heart,-s,stole,those,tarts,.,.,.,.,.,.,.,.,.
and,took,them,quite,a-,way,.,.,.,.,.,.,.,.,.,.,.
well,yes,the,song,say,-s,so,.,.,.,.,.,.,.,.,.,.
but,it,would,never,do,to,punish,the,poor,knave,.,.,.,.,.,.,.
just,because,there,was,a,song,about,him,.,.,.,.,.,.,.,.,.
they,had,to,take,him,prisoner,.,.,.,.,.,.,.,.,.,.,.
they,put,chains,on,his,wrists,.,.,.,.,.,.,.,.,.,.,.
they,bring,him,before,the,king,of,heart,-s,.,.,.,.,.,.,.,.
so,that,there,might,be,a,regular,trial,.,.,.,.,.,.,.,.,.
now,if,you,look,at,the,big,picture,at,the,beginning,of,this,book,.,.,.
you,will,see,what,a,grand,thing,a,trial,is,.,.,.,.,.,.,.
when,the,judge,is,a,king,.,.,.,.,.,.,.,.,.,.,.
the,king,is,very,grand,isnt,he,.,.,.,.,.,.,.,.,.,.
but,he,does,-nt,look,very,happy,.,.,.,.,.,.,.,.,.,.
but,he,had,to,wear,them,both,.,.,.,.,.,.,.,.,.,.
so,that,people,might,know,he,was,a,judge,and,a,king,.,.,.,.,.
and,does,-nt,the,queen,look,cross,.,.,.,.,.,.,.,.,.,.
she,can,see,the,dish,of,tarts,on,the,table,.,.,.,.,.,.,.
that,she,had,take,-n,such,trouble,to,make,.,.,.,.,.,.,.,.
and,she,can,see,the,bad,knave,.,.,.,.,.,.,.,.,.,.
do,you,see,the,chains,hanging,from,his,wrists,.,.,.,.,.,.,.,.
that,stole,them,a-,way,from,her,.,.,.,.,.,.,.,.,.,.
so,i,dont,think,its,any,wonder,if,she,does,feel,a,little,cross,.,.,.
the,white,rabbit,is,standing,near,the,king,.,.,.,.,.,.,.,.,.
he,is,read,-ing,out,the,song,to,tell,every,body,what,a,bad,knave,he,is
and,the,jury,you,can,just,see,two,of,them,.,.,.,.,.,.,.
up,in,the,jury,box,are,the,frog,and,the,duck,.,.,.,.,.,.
they,have,to,settle,whether,hes,guilty,or,not,guilty,.,.,.,.,.,.,.
now,ill,tell,you,about,the,accident,that,happen,-ed,to,alice,.,.,.,.,.
you,see,she,was,sitting,close,by,the,jury,box,.,.,.,.,.,.,.
and,she,was,call,-ed,as,a,witness,.,.,.,.,.,.,.,.,.
you,know,what,a,witness,is,.,.,.,.,.,.,.,.,.,.,.
a,witness,is,a,person,who,has,see,-n,the,prisoner,do,what,ever,hes,accused,of
or,at,any,rat,-e,know,-s,some,thing,that,-s,important,in,the,trial,.,.
but,alice,had,-nt,see,-n,the,queen,make,the,tarts,.,.,.,.,.,.
and,she,had,-nt,see,-n,the,knave,take,the,tarts,.,.,.,.,.,.
and,in,fact,she,did,-nt,know,any,thing,about,it,.,.,.,.,.,.
so,why,in,the,world,they,want,-ed,her,to,be,a,witness,.,.,.,.
im,sure,i,cant,tell,you,.,.,.,.,.,.,.,.,.,.,.
any,how,they,did,want,her,.,.,.,.,.,.,.,.,.,.,.
and,the,white,rabbit,blew,his,big,trumpet,.,.,.,.,.,.,.,.,.
and,he,shouted,out,alice,.,.,.,.,.,.,.,.,.,.,.,.
and,so,alice,jump,-ed,up,in,a,great,hurry,.,.,.,.,.,.,.
and,then,what,do,you,think,happen,-ed,.,.,.,.,.,.,.,.,.
why,her,skirt,caught,again,-st,the,jury,box,.,.,.,.,.,.,.,.
and,it,tipped,it,over,.,.,.,.,.,.,.,.,.,.,.,.
and,all,the,poor,little,jurors,came,tumbling,out,of,it,.,.,.,.,.,.
let,-s,try,if,we,can,make,out,all,the,twelve,.,.,.,.,.,.
you,know,there,ought,to,be,twelve,to,make,up,a,jury,.,.,.,.,.
i,can,see,the,frog,and,the,dormouse,.,.,.,.,.,.,.,.,.
and,i,can,see,the,rat,and,the,ferret,.,.,.,.,.,.,.,.
and,the,hedgehog,and,the,lizard,and,the,bantam,cock,.,.,.,.,.,.,.
and,the,mole,and,the,duck,and,the,squirrel,.,.,.,.,.,.,.,.
and,a,scream,-ing,bird,with,a,long,beak,just,be-,hind,the,mole,.,.,.
but,that,only,make,-s,eleven,.,.,.,.,.,.,.,.,.,.,.
we,must,find,one,more,creature,.,.,.,.,.,.,.,.,.,.,.
oh,do,you,see,a,little,white,head,coming,out,be-,hind,the,mole,.,.,.
and,just,under,the,duck,-s,beak,.,.,.,.,.,.,.,.,.,.
that,make,-s,up,the,twelve,.,.,.,.,.,.,.,.,.,.,.
mr,tenniel,say,-s,the,scream,-ing,bird,is,a,storkling,.,.,.,.,.,.
of,course,you,know,what,that,is,.,.,.,.,.,.,.,.,.,.
and,the,little,white,head,is,a,mouseling,.,.,.,.,.,.,.,.,.
isnt,it,a,little,darling,.,.,.,.,.,.,.,.,.,.,.,.
alice,pick,-ed,them,all,up,again,very,careful,-ly,.,.,.,.,.,.,.
and,i,hope,they,were,-nt,much,hurt,.,.,.,.,.,.,.,.,.
oh,dear,oh,dear,what,is,it,all,about,.,.,.,.,.,.,.,.
and,what,-s,happen,-ing,to,alice,.,.,.,.,.,.,.,.,.,.
well,i,will,tell,you,all,about,it,as,well,i,can,.,.,.,.,.
the,way,the,trial,end,-ed,was,this,.,.,.,.,.,.,.,.,.
the,king,want,-ed,the,jury,to,settle,.,.,.,.,.,.,.,.,.
whether,the,knave,of,heart,-s,was,guilty,or,not,guilty,.,.,.,.,.,.
that,means,that,they,were,to,settle,.,.,.,.,.,.,.,.,.,.
whether,he,had,stole,-n,the,tarts,.,.,.,.,.,.,.,.,.,.
or,if,some,body,else,had,take,-n,them,.,.,.,.,.,.,.,.
but,the,wicked,queen,want,-ed,to,have,his,punishment,settle,-d,.,.,.,.,.
that,was,-nt,at,all,fair,was,it,.,.,.,.,.,.,.,.,.
because,you,know,supposing,he,never,took,the,tarts,.,.,.,.,.,.,.,.
then,of,course,he,ought,-nt,to,be,punish,-ed,.,.,.,.,.,.,.
would,you,like,to,be,punish,-ed,for,some,thing,you,had,-nt,done,.,.,.
so,alice,said,stuff,and,nonsense,.,.,.,.,.,.,.,.,.,.,.
so,the,queen,said,off,with,her,head,.,.,.,.,.,.,.,.,.
just,what,she,always,said,when,she,was,angry,.,.,.,.,.,.,.,.
so,alice,said,who,care,-s,for,you,.,.,.,.,.,.,.,.,.
your,-e,no-,thing,but,a,pack,of,cards,.,.,.,.,.,.,.,.
so,they,were,all,very,angry,.,.,.,.,.,.,.,.,.,.,.
and,they,flew,up,into,the,air,.,.,.,.,.,.,.,.,.,.
and,they,came,tumbling,down,again,all,over,alice,.,.,.,.,.,.,.,.
just,like,a,shower,of,rain,.,.,.,.,.,.,.,.,.,.,.
and,i,think,you,will,never,guess,what,happen,-ed,next,.,.,.,.,.,.
the,next,thing,was,alice,woke,up,out,of,her,curious,dream,.,.,.,.,.
and,she,found,that,the,cards,were,only,some,leave,-s,off,the,tree,.,.,.
leave,-s,that,the,wind,had,blown,down,upon,her,face,.,.,.,.,.,.
would,-nt,it,be,a,nice,thing,to,have,a,curious,dream,just,like,alice,.,.
the,best,plan,is,this,.,.,.,.,.,.,.,.,.,.,.,.
first,lie,down,under,a,tree,.,.,.,.,.,.,.,.,.,.,.
and,wait,till,a,white,rabbit,run,-s,by,with,a,watch,in,his,hand,.,.
then,shut,you,-r,eye,-s,and,pretend,to,be,dear,little,alice,.,.,.,.
good,bye,alice,dear,good,bye,.,.,.,.,.,.,.,.,.,.,.
