Position, Entropy, Effective_dimension
1, 1.055305580785618202e+00, 2.078158339811026156e+00
2, 1.045668942962370895e+00, 2.064323313755902500e+00
3, 1.050261397800577701e+00, 2.070905035070229161e+00
4, 1.075197838635747249e+00, 2.107010989239837428e+00
5, 1.331430343412558948e+00, 2.516520487951976470e+00
6, 1.366486103376648664e+00, 2.578417889802574692e+00
7, 1.323350029499029690e+00, 2.502465239600338620e+00
8, 1.357124134805687721e+00, 2.561740134752349629e+00
9, 1.833928789448014518e+00, 3.565066009749499720e+00
10, 1.85056421684375971e+00, 3.606411989450045041e+00
11, 1.82580343736955841e+00, 3.545043762888424155e+00
12, 1.83230544102819293e+00, 3.561056784435427058e+00
13, 1.99166527619457945e+00, 3.976957862269168587e+00
14, 1.99894754972182764e+00, 3.997083052318340712e+00
15, 1.99880138921591732e+00, 3.996678125378223534e+00
16, 1.99600659037833328e+00, 3.988943227266832814e+00
